{
    "model": {
        "type": "range_dispatch",
        "property": "custom_model_data",
        "index": 0,
        "entries": [
            {
                "threshold": 1,
                "model": {
                    "type": "model",
                    "model": "custom:item/trophy_gold"
                }
            }, {
                "threshold": 2,
                "model": {
                    "type": "model",
                    "model": "custom:item/trophy_iron"
                }
            }, {
                "threshold": 3,
                "model": {
                    "type": "model",
                    "model": "custom:item/trophy_copper"
                }
            }, {
                "threshold": 10,
                "model": {
                    "type": "model",
                    "model": "custom:item/crown_royal"
                }
            }, {
                "threshold": 11,
                "model": {
                    "type": "model",
                    "model": "custom:item/crown_basic"
                }
            }, {
                "threshold": 12,
                "model": {
                    "type": "model",
                    "model": "custom:item/crown_mini"
                }
            }, {
                "threshold": 20,
                "model": {
                    "type": "model",
                    "model": "custom:item/ears_jellie"
                }
            }, {
                "threshold": 21,
                "model": {
                    "type": "model",
                    "model": "custom:item/ears_yoda"
                }
            }
        ],
        "fallback": {
            "type": "model",
            "model": "minecraft:block/carved_pumpkin"
        }
    }
}