{
  "texture_size": [32, 32],
  "parent": "minecraft:item/carved_pumpkin",
  "textures": {
    "0": "custom:item/ears_yoda",
    "particle": "custom:item/ears_yoda"
  },
  "elements": [
    {
      "from": [12, 0, 8],
      "to": [18, 5, 9],
      "faces": {
        "north": { "uv": [0, 0, 3, 2.5], "texture": "#0" },
        "east": { "uv": [3, 6.5, 3.5, 9], "texture": "#0" },
        "south": { "uv": [0, 2.5, 3, 5], "texture": "#0" },
        "west": { "uv": [3.5, 6.5, 4, 9], "texture": "#0" },
        "up": { "uv": [9, 3.5, 6, 3], "texture": "#0" },
        "down": { "uv": [9, 3.5, 6, 4], "texture": "#0" }
      }
    },
    {
      "from": [18, 2, 8],
      "to": [24, 5, 9],
      "faces": {
        "north": { "uv": [0, 5, 3, 6.5], "texture": "#0" },
        "east": { "uv": [5, 6.5, 5.5, 8], "texture": "#0" },
        "south": { "uv": [3, 5, 6, 6.5], "texture": "#0" },
        "west": { "uv": [5.5, 6.5, 6, 8], "texture": "#0" },
        "up": { "uv": [9, 4.5, 6, 4], "texture": "#0" },
        "down": { "uv": [9, 4.5, 6, 5], "texture": "#0" }
      }
    },
    {
      "from": [-8, 2, 8],
      "to": [-2, 5, 9],
      "faces": {
        "north": { "uv": [6, 0, 9, 1.5], "texture": "#0" },
        "east": { "uv": [6, 6.5, 6.5, 8], "texture": "#0" },
        "south": { "uv": [6, 1.5, 9, 3], "texture": "#0" },
        "west": { "uv": [6.5, 6.5, 7, 8], "texture": "#0" },
        "up": { "uv": [9, 6.5, 6, 6], "texture": "#0" },
        "down": { "uv": [3, 6.5, 0, 7], "texture": "#0" }
      }
    },
    {
      "from": [-2, 0, 8],
      "to": [4, 5, 9],
      "faces": {
        "north": { "uv": [3, 0, 6, 2.5], "texture": "#0" },
        "east": { "uv": [4, 6.5, 4.5, 9], "texture": "#0" },
        "south": { "uv": [3, 2.5, 6, 5], "texture": "#0" },
        "west": { "uv": [4.5, 6.5, 5, 9], "texture": "#0" },
        "up": { "uv": [9, 5.5, 6, 5], "texture": "#0" },
        "down": { "uv": [9, 5.5, 6, 6], "texture": "#0" }
      }
    }
  ],
  "display": {
    "thirdperson_righthand": {
      "rotation": [75, 45, 0],
      "translation": [0, 2.5, 0],
      "scale": [0.375, 0.375, 0.375]
    },
    "thirdperson_lefthand": {
      "rotation": [75, 45, 0],
      "translation": [0, 2.5, 0],
      "scale": [0.375, 0.375, 0.375]
    },
    "firstperson_righthand": {
      "rotation": [0, 45, 0],
      "scale": [0.4, 0.4, 0.4]
    },
    "firstperson_lefthand": {
      "rotation": [0, 225, 0],
      "scale": [0.4, 0.4, 0.4]
    },
    "ground": { "translation": [0, 4.25, 0] },
    "gui": { "rotation": [30, 225, 0], "scale": [0.625, 0.625, 0.625] },
    "head": {
      "translation": [0, 6.25, -3],
      "scale": [1.12695, 1.12695, 1.12695]
    },
    "fixed": { "translation": [0, 5.75, -1.5] }
  }
}
