{
  "parent": "carved_pumpkin",
  "texture_size": [32, 32],
  "textures": {
    "1": "custom:item/trophy_gold",
    "particle": "custom:item/trophy_gold"
  },
  "elements": [
    {
      "from": [4, 6, 4],
      "to": [12, 14, 12],
      "faces": {
        "north": { "uv": [0, 0, 4, 4], "texture": "#1" },
        "east": { "uv": [0, 4, 4, 8], "texture": "#1" },
        "south": { "uv": [4, 0, 8, 4], "texture": "#1" },
        "west": { "uv": [4, 4, 8, 8], "texture": "#1" },
        "up": { "uv": [4, 12, 0, 8], "texture": "#1" },
        "down": { "uv": [12, 0, 8, 4], "texture": "#1" }
      }
    },
    {
      "from": [6, 5, 6],
      "to": [10, 6, 10],
      "faces": {
        "north": { "uv": [13.5, 9, 15.5, 9.5], "texture": "#1" },
        "east": { "uv": [13.5, 9.5, 15.5, 10], "texture": "#1" },
        "south": { "uv": [2, 14, 4, 14.5], "texture": "#1" },
        "west": { "uv": [14, 3, 16, 3.5], "texture": "#1" },
        "up": { "uv": [12, 12, 10, 10], "texture": "#1" },
        "down": { "uv": [6, 11, 4, 13], "texture": "#1" }
      }
    },
    {
      "from": [5, 0, 5],
      "to": [11, 2, 11],
      "faces": {
        "north": { "uv": [12, 12, 15, 13], "texture": "#1" },
        "east": { "uv": [4, 13, 7, 14], "texture": "#1" },
        "south": { "uv": [13, 4, 16, 5], "texture": "#1" },
        "west": { "uv": [13, 5, 16, 6], "texture": "#1" },
        "up": { "uv": [7, 11, 4, 8], "texture": "#1" },
        "down": { "uv": [11, 4, 8, 7], "texture": "#1" }
      }
    },
    {
      "from": [1, 8, 7],
      "to": [4, 14, 9],
      "faces": {
        "north": { "uv": [7, 8, 8.5, 11], "texture": "#1" },
        "east": { "uv": [7, 13, 8, 16], "texture": "#1" },
        "south": { "uv": [8.5, 7, 10, 10], "texture": "#1" },
        "west": { "uv": [8, 13, 9, 16], "texture": "#1" },
        "up": { "uv": [14.5, 14, 13, 13], "texture": "#1" },
        "down": { "uv": [15, 6, 13.5, 7], "texture": "#1" }
      }
    },
    {
      "from": [12, 8, 7],
      "to": [15, 14, 9],
      "rotation": { "angle": 0, "axis": "y", "origin": [12, 5, 7] },
      "faces": {
        "north": { "uv": [10, 7, 11.5, 10], "texture": "#1" },
        "east": { "uv": [9, 13, 10, 16], "texture": "#1" },
        "south": { "uv": [8.5, 10, 10, 13], "texture": "#1" },
        "west": { "uv": [12, 13, 13, 16], "texture": "#1" },
        "up": { "uv": [15, 8, 13.5, 7], "texture": "#1" },
        "down": { "uv": [15, 8, 13.5, 9], "texture": "#1" }
      }
    },
    {
      "from": [7, 2, 7],
      "to": [9, 5, 9],
      "faces": {
        "north": { "uv": [0, 14, 1, 15.5], "texture": "#1" },
        "east": { "uv": [14, 0, 15, 1.5], "texture": "#1" },
        "south": { "uv": [1, 14, 2, 15.5], "texture": "#1" },
        "west": { "uv": [14, 1.5, 15, 3], "texture": "#1" },
        "up": { "uv": [5, 15, 4, 14], "texture": "#1" },
        "down": { "uv": [6, 14, 5, 15], "texture": "#1" }
      }
    },
    {
      "from": [6, 10, 6],
      "to": [10, 10, 10],
      "faces": {
        "north": { "uv": [0, 0, 2, 0], "texture": "#1" },
        "east": { "uv": [0, 0, 2, 0], "texture": "#1" },
        "south": { "uv": [0, 0, 2, 0], "texture": "#1" },
        "west": { "uv": [0, 0, 2, 0], "texture": "#1" },
        "up": { "uv": [13, 6, 11, 4], "texture": "#1" },
        "down": { "uv": [8, 11, 6, 13], "texture": "#1" }
      }
    },
    {
      "from": [12, 10, 7],
      "to": [13, 10, 9],
      "faces": {
        "north": { "uv": [0, 0, 0.5, 0], "texture": "#1" },
        "east": { "uv": [0, 0, 1, 0], "texture": "#1" },
        "south": { "uv": [0, 0, 0.5, 0], "texture": "#1" },
        "west": { "uv": [0, 0, 1, 0], "texture": "#1" },
        "up": { "uv": [8.5, 8, 8, 7], "texture": "#1" },
        "down": { "uv": [11.5, 6, 11, 7], "texture": "#1" }
      }
    },
    {
      "from": [3, 10, 7],
      "to": [4, 10, 9],
      "faces": {
        "north": { "uv": [0, 0, 0.5, 0], "texture": "#1" },
        "east": { "uv": [0, 0, 1, 0], "texture": "#1" },
        "south": { "uv": [0, 0, 0.5, 0], "texture": "#1" },
        "west": { "uv": [0, 0, 1, 0], "texture": "#1" },
        "up": { "uv": [8.5, 12, 8, 11], "texture": "#1" },
        "down": { "uv": [8.5, 12, 8, 13], "texture": "#1" }
      }
    },
    {
      "from": [12, 12, 7],
      "to": [13, 12, 9],
      "faces": {
        "north": { "uv": [0, 0, 0.5, 0], "texture": "#1" },
        "east": { "uv": [0, 0, 1, 0], "texture": "#1" },
        "south": { "uv": [0, 0, 0.5, 0], "texture": "#1" },
        "west": { "uv": [0, 0, 1, 0], "texture": "#1" },
        "up": { "uv": [14.5, 12, 14, 11], "texture": "#1" },
        "down": { "uv": [13.5, 14, 13, 15], "texture": "#1" }
      }
    },
    {
      "from": [3, 12, 7],
      "to": [4, 12, 9],
      "faces": {
        "north": { "uv": [0, 0, 0.5, 0], "texture": "#1" },
        "east": { "uv": [0, 0, 1, 0], "texture": "#1" },
        "south": { "uv": [0, 0, 0.5, 0], "texture": "#1" },
        "west": { "uv": [0, 0, 1, 0], "texture": "#1" },
        "up": { "uv": [14, 15, 13.5, 14], "texture": "#1" },
        "down": { "uv": [14.5, 14, 14, 15], "texture": "#1" }
      }
    },
    {
      "from": [6, 10, 6],
      "to": [6, 14, 10],
      "rotation": { "angle": 0, "axis": "y", "origin": [6, 23, 6] },
      "faces": {
        "north": { "uv": [0, 0, 0, 2], "texture": "#1" },
        "east": { "uv": [11.5, 6, 13.5, 8], "texture": "#1" },
        "south": { "uv": [0, 0, 0, 2], "texture": "#1" },
        "west": { "uv": [11.5, 8, 13.5, 10], "texture": "#1" },
        "up": { "uv": [0, 2, 0, 0], "texture": "#1" },
        "down": { "uv": [0, 0, 0, 2], "texture": "#1" }
      }
    },
    {
      "from": [10, 10, 6],
      "to": [10, 14, 10],
      "rotation": { "angle": 0, "axis": "y", "origin": [6, 23, 6] },
      "faces": {
        "north": { "uv": [0, 0, 0, 2], "texture": "#1" },
        "east": { "uv": [0, 12, 2, 14], "texture": "#1" },
        "south": { "uv": [0, 0, 0, 2], "texture": "#1" },
        "west": { "uv": [12, 0, 14, 2], "texture": "#1" },
        "up": { "uv": [0, 2, 0, 0], "texture": "#1" },
        "down": { "uv": [0, 0, 0, 2], "texture": "#1" }
      }
    },
    {
      "from": [13, 10, 7],
      "to": [13, 12, 9],
      "rotation": { "angle": 0, "axis": "y", "origin": [6, 23, 6] },
      "faces": {
        "north": { "uv": [0, 0, 0, 1], "texture": "#1" },
        "east": { "uv": [6, 14, 7, 15], "texture": "#1" },
        "south": { "uv": [0, 0, 0, 1], "texture": "#1" },
        "west": { "uv": [10, 14, 11, 15], "texture": "#1" },
        "up": { "uv": [0, 1, 0, 0], "texture": "#1" },
        "down": { "uv": [0, 0, 0, 1], "texture": "#1" }
      }
    },
    {
      "from": [3, 10, 7],
      "to": [3, 12, 9],
      "rotation": { "angle": 0, "axis": "y", "origin": [6, 23, 6] },
      "faces": {
        "north": { "uv": [0, 0, 0, 1], "texture": "#1" },
        "east": { "uv": [14, 10, 15, 11], "texture": "#1" },
        "south": { "uv": [0, 0, 0, 1], "texture": "#1" },
        "west": { "uv": [11, 14, 12, 15], "texture": "#1" },
        "up": { "uv": [0, 1, 0, 0], "texture": "#1" },
        "down": { "uv": [0, 0, 0, 1], "texture": "#1" }
      }
    },
    {
      "from": [6, 10, 6],
      "to": [10, 14, 6],
      "rotation": { "angle": 0, "axis": "y", "origin": [6, 10, 2] },
      "faces": {
        "north": { "uv": [2, 12, 4, 14], "texture": "#1" },
        "east": { "uv": [0, 0, 0, 2], "texture": "#1" },
        "south": { "uv": [12, 2, 14, 4], "texture": "#1" },
        "west": { "uv": [0, 0, 0, 2], "texture": "#1" },
        "up": { "uv": [2, 0, 0, 0], "texture": "#1" },
        "down": { "uv": [2, 0, 0, 0], "texture": "#1" }
      }
    },
    {
      "from": [6, 10, 10],
      "to": [10, 14, 10],
      "rotation": { "angle": 0, "axis": "y", "origin": [6, 10, 2] },
      "faces": {
        "north": { "uv": [10, 12, 12, 14], "texture": "#1" },
        "east": { "uv": [0, 0, 0, 2], "texture": "#1" },
        "south": { "uv": [12, 10, 14, 12], "texture": "#1" },
        "west": { "uv": [0, 0, 0, 2], "texture": "#1" },
        "up": { "uv": [2, 0, 0, 0], "texture": "#1" },
        "down": { "uv": [2, 0, 0, 0], "texture": "#1" }
      }
    }
  ],
  "display": {
    "thirdperson_righthand": { "scale": [0.75, 0.75, 0.75] },
    "thirdperson_lefthand": { "scale": [0.75, 0.75, 0.75] },
    "firstperson_righthand": {
      "translation": [0, 2, 0],
      "scale": [0.63, 0.63, 0.63]
    },
    "firstperson_lefthand": {
      "translation": [0, 2, 0],
      "scale": [0.63, 0.63, 0.63]
    },
    "ground": { "translation": [0, 3, 0], "scale": [0.5, 0.5, 0.5] },
    "gui": { "rotation": [30, -45, 0], "scale": [0.9, 0.9, 0.9] },
    "head": {
      "rotation": [0, -180, 0],
      "translation": [1, -16.75, -4],
      "scale": [2, 2, 2]
    },
    "fixed": { "rotation": [0, -180, 0] }
  }
}
