{
  "parent": "minecraft:carved_pumpkin",
  "texture_size": [32, 32],
  "textures": {
    "0": "custom:item/crown_mini",
    "particle": "custom:item/crown_mini"
  },
  "elements": [
    {
      "from": [5, 0, 5],
      "to": [11, 6, 5],
      "faces": {
        "north": { "uv": [0, 0, 3, 3], "texture": "#0" },
        "east": { "uv": [0, 0, 0, 3], "texture": "#0" },
        "south": { "uv": [0, 3, 3, 6], "texture": "#0" },
        "west": { "uv": [0, 0, 0, 3], "texture": "#0" },
        "up": { "uv": [3, 0, 0, 0], "texture": "#0" },
        "down": { "uv": [3, 0, 0, 0], "texture": "#0" }
      }
    },
    {
      "from": [5, 0, 11],
      "to": [11, 6, 11],
      "faces": {
        "north": { "uv": [3, 0, 6, 3], "texture": "#0" },
        "east": { "uv": [0, 0, 0, 3], "texture": "#0" },
        "south": { "uv": [3, 3, 6, 6], "texture": "#0" },
        "west": { "uv": [0, 0, 0, 3], "texture": "#0" },
        "up": { "uv": [3, 0, 0, 0], "texture": "#0" },
        "down": { "uv": [3, 0, 0, 0], "texture": "#0" }
      }
    },
    {
      "from": [5, 0, 5],
      "to": [5, 6, 11],
      "faces": {
        "north": { "uv": [0, 0, 0, 3], "texture": "#0" },
        "east": { "uv": [0, 6, 3, 9], "texture": "#0" },
        "south": { "uv": [0, 0, 0, 3], "texture": "#0" },
        "west": { "uv": [6, 0, 9, 3], "texture": "#0" },
        "up": { "uv": [0, 3, 0, 0], "texture": "#0" },
        "down": { "uv": [0, 0, 0, 3], "texture": "#0" }
      }
    },
    {
      "from": [11, 0, 5],
      "to": [11, 6, 11],
      "faces": {
        "north": { "uv": [0, 0, 0, 3], "texture": "#0" },
        "east": { "uv": [3, 6, 6, 9], "texture": "#0" },
        "south": { "uv": [0, 0, 0, 3], "texture": "#0" },
        "west": { "uv": [6, 3, 9, 6], "texture": "#0" },
        "up": { "uv": [0, 3, 0, 0], "texture": "#0" },
        "down": { "uv": [0, 0, 0, 3], "texture": "#0" }
      }
    }
  ],
  "display": {
    "thirdperson_righthand": {
      "rotation": [75, 45, 0],
      "translation": [0, 2.5, 2],
      "scale": [0.375, 0.375, 0.375]
    },
    "thirdperson_lefthand": {
      "rotation": [75, 45, 0],
      "translation": [0, 2.5, 2],
      "scale": [0.375, 0.375, 0.375]
    },
    "firstperson_righthand": {
      "rotation": [0, 45, 0],
      "translation": [0, 2.75, 0],
      "scale": [0.4, 0.4, 0.4]
    },
    "firstperson_lefthand": {
      "rotation": [0, 45, 0],
      "translation": [0, 2.75, 0],
      "scale": [0.4, 0.4, 0.4]
    },
    "ground": { "translation": [0, 3, 0], "scale": [0.5, 0.5, 0.5] },
    "gui": {
      "rotation": [30, 225, 0],
      "translation": [0, 3.5, 0],
      "scale": [0.75, 0.75, 0.75]
    },
    "head": { "translation": [0, 14.5, 0], "scale": [1.05, 1.05, 1.05] },
    "fixed": { "scale": [0.75, 0.75, 0.75] }
  }
}
