{
  "format_version": "1.21.6",
  "credit": "Made by Corey Muonzes with Blockbench",
  "texture_size": [64, 64],
  "textures": {
    "0": "mw2:item/trophy_end_explosion",
    "particle": "mw2:item/trophy_end_explosion"
  },
  "elements": [
    {
      "from": [6, 8, 4],
      "to": [14, 15, 12],
      "rotation": { "angle": 0, "axis": "y", "origin": [6, 8, 6] },
      "faces": {
        "north": { "uv": [4, 7.75, 6, 9.5], "texture": "#0" },
        "east": { "uv": [8, 0, 10, 1.75], "texture": "#0" },
        "south": { "uv": [8, 1.75, 10, 3.5], "texture": "#0" },
        "west": { "uv": [8, 3.5, 10, 5.25], "texture": "#0" },
        "up": { "uv": [2, 9.75, 0, 7.75], "texture": "#0" },
        "down": { "uv": [4, 7.75, 2, 9.75], "texture": "#0" }
      }
    },
    {
      "from": [1, 1, 4],
      "to": [15, 7, 13],
      "rotation": { "angle": 0, "axis": "y", "origin": [6, 1, 6] },
      "faces": {
        "north": { "uv": [7, 5.5, 10.5, 7], "texture": "#0" },
        "east": { "uv": [6, 8.5, 8.25, 10], "texture": "#0" },
        "south": { "uv": [7, 7, 10.5, 8.5], "texture": "#0" },
        "west": { "uv": [8.25, 8.5, 10.5, 10], "texture": "#0" },
        "up": { "uv": [3.5, 7.75, 0, 5.5], "texture": "#0" },
        "down": { "uv": [7, 5.5, 3.5, 7.75], "texture": "#0" }
      }
    },
    {
      "from": [2, 8, 5],
      "to": [6, 12, 9],
      "rotation": { "angle": 0, "axis": "y", "origin": [-2, 8, 7] },
      "faces": {
        "north": { "uv": [4, 9.5, 5, 10.5], "texture": "#0" },
        "east": { "uv": [5, 9.5, 6, 10.5], "texture": "#0" },
        "south": { "uv": [0, 9.75, 1, 10.75], "texture": "#0" },
        "west": { "uv": [1, 9.75, 2, 10.75], "texture": "#0" },
        "up": { "uv": [3, 10.75, 2, 9.75], "texture": "#0" },
        "down": { "uv": [4, 9.75, 3, 10.75], "texture": "#0" }
      }
    },
    {
      "from": [2, 8, 9],
      "to": [6, 12, 13],
      "rotation": { "angle": 0, "axis": "y", "origin": [-2, 8, 11] },
      "faces": {
        "north": { "uv": [10, 0, 11, 1], "texture": "#0" },
        "east": { "uv": [10, 1, 11, 2], "texture": "#0" },
        "south": { "uv": [10, 2, 11, 3], "texture": "#0" },
        "west": { "uv": [10, 3, 11, 4], "texture": "#0" },
        "up": { "uv": [11, 5, 10, 4], "texture": "#0" },
        "down": { "uv": [7, 10, 6, 11], "texture": "#0" }
      }
    },
    {
      "from": [2, 12, 7],
      "to": [6, 16, 11],
      "rotation": { "angle": 0, "axis": "y", "origin": [-2, 12, 9] },
      "faces": {
        "north": { "uv": [7, 10, 8, 11], "texture": "#0" },
        "east": { "uv": [8, 10, 9, 11], "texture": "#0" },
        "south": { "uv": [9, 10, 10, 11], "texture": "#0" },
        "west": { "uv": [10, 10, 11, 11], "texture": "#0" },
        "up": { "uv": [5, 11.5, 4, 10.5], "texture": "#0" },
        "down": { "uv": [6, 10.5, 5, 11.5], "texture": "#0" }
      }
    },
    {
      "from": [10, 15, 2],
      "to": [14, 19, 6],
      "rotation": { "angle": -45, "axis": "y", "origin": [6, 15, 4] },
      "faces": {
        "north": { "uv": [10.5, 5, 11.5, 6], "texture": "#0" },
        "east": { "uv": [10.5, 6, 11.5, 7], "texture": "#0" },
        "south": { "uv": [10.5, 7, 11.5, 8], "texture": "#0" },
        "west": { "uv": [10.5, 8, 11.5, 9], "texture": "#0" },
        "up": { "uv": [11.5, 10, 10.5, 9], "texture": "#0" },
        "down": { "uv": [1, 10.75, 0, 11.75], "texture": "#0" }
      }
    },
    {
      "from": [0, 7, 3],
      "to": [16, 8, 14],
      "rotation": { "angle": 0, "axis": "y", "origin": [0, 7, 0] },
      "faces": {
        "north": { "uv": [11, 0, 15, 0.25], "texture": "#0" },
        "east": { "uv": [1, 10.75, 3.75, 11], "texture": "#0" },
        "south": { "uv": [11, 0.25, 15, 0.5], "texture": "#0" },
        "west": { "uv": [1, 11, 3.75, 11.25], "texture": "#0" },
        "up": { "uv": [4, 2.75, 0, 0], "texture": "#0" },
        "down": { "uv": [4, 2.75, 0, 5.5], "texture": "#0" }
      }
    },
    {
      "from": [0, 0, 3],
      "to": [16, 1, 14],
      "faces": {
        "north": { "uv": [11, 0.5, 15, 0.75], "texture": "#0" },
        "east": { "uv": [11, 1, 13.75, 1.25], "texture": "#0" },
        "south": { "uv": [11, 0.75, 15, 1], "texture": "#0" },
        "west": { "uv": [11, 1.25, 13.75, 1.5], "texture": "#0" },
        "up": { "uv": [8, 2.75, 4, 0], "texture": "#0" },
        "down": { "uv": [8, 2.75, 4, 5.5], "texture": "#0" }
      }
    }
  ],
  "display": {
    "thirdperson_righthand": {
      "translation": [0, 3, 0]
    },
    "firstperson_righthand": {
      "scale": [0.5, 0.5, 0.5]
    },
    "firstperson_lefthand": {
      "scale": [0.5, 0.5, 0.5]
    },
    "ground": {
      "translation": [0, 4.25, 0]
    },
    "gui": {
      "rotation": [26, 15, 0],
      "translation": [0, -0.25, 0],
      "scale": [0.7, 0.7, 0.7]
    },
    "head": {
      "translation": [0, 1.75, -3.5],
      "scale": [1.2, 1.2, 1.2]
    },
    "fixed": {
      "rotation": [-90, 0, 0],
      "translation": [0, 0, -8.75],
      "scale": [1.1, 1.1, 1.1]
    }
  }
}
