{
  "format_version": "1.21.6",
  "credit": "Made by Corey Muonzes with Blockbench",
  "texture_size": [64, 64],
  "textures": {
    "1": "mw2:item/trophy_most_diamonds",
    "particle": "mw2:item/trophy_most_diamonds"
  },
  "elements": [
    {
      "name": "Shaft",
      "from": [7, 2, 7],
      "to": [9, 9, 9],
      "rotation": { "angle": -45, "axis": "y", "origin": [8, 2, 8] },
      "faces": {
        "north": { "uv": [7, 2.5, 7.5, 4.25], "texture": "#1" },
        "east": { "uv": [4, 7, 4.5, 8.75], "texture": "#1" },
        "south": { "uv": [4.5, 7, 5, 8.75], "texture": "#1" },
        "west": { "uv": [5, 7, 5.5, 8.75], "texture": "#1" },
        "up": { "uv": [3.5, 9.25, 3, 8.75], "texture": "#1" },
        "down": { "uv": [4, 8.75, 3.5, 9.25], "texture": "#1" }
      }
    },
    {
      "name": "S 1x1 Broken",
      "from": [10, 0, 10],
      "to": [11, 1, 11],
      "rotation": { "angle": 0, "axis": "y", "origin": [11, 0, 11] },
      "faces": {
        "north": { "uv": [9.25, 2.25, 9.5, 2.5], "texture": "#1" },
        "east": { "uv": [3, 9.25, 3.25, 9.5], "texture": "#1" },
        "south": { "uv": [3.25, 9.25, 3.5, 9.5], "texture": "#1" },
        "west": { "uv": [3.5, 9.25, 3.75, 9.5], "texture": "#1" },
        "up": { "uv": [4, 9.5, 3.75, 9.25], "texture": "#1" },
        "down": { "uv": [4.25, 9.25, 4, 9.5], "texture": "#1" }
      }
    },
    {
      "name": "S 2x1 Broken",
      "from": [9, 0, 10],
      "to": [10, 1, 12],
      "rotation": { "angle": 0, "axis": "y", "origin": [10, 0, 11] },
      "faces": {
        "north": { "uv": [4.25, 9.25, 4.5, 9.5], "texture": "#1" },
        "east": { "uv": [8.75, 7, 9.25, 7.25], "texture": "#1" },
        "south": { "uv": [4.5, 9.25, 4.75, 9.5], "texture": "#1" },
        "west": { "uv": [8.75, 7.25, 9.25, 7.5], "texture": "#1" },
        "up": { "uv": [9, 8, 8.75, 7.5], "texture": "#1" },
        "down": { "uv": [9, 8, 8.75, 8.5], "texture": "#1" }
      }
    },
    {
      "name": "S Chunk",
      "from": [4, 0, 10],
      "to": [9, 2, 12],
      "rotation": { "angle": 0, "axis": "y", "origin": [5, 0, 11] },
      "faces": {
        "north": { "uv": [7, 4.25, 8.25, 4.75], "texture": "#1" },
        "east": { "uv": [4, 8.75, 4.5, 9.25], "texture": "#1" },
        "south": { "uv": [7, 4.75, 8.25, 5.25], "texture": "#1" },
        "west": { "uv": [4.5, 8.75, 5, 9.25], "texture": "#1" },
        "up": { "uv": [1.25, 8, 0, 7.5], "texture": "#1" },
        "down": { "uv": [2.5, 7.5, 1.25, 8], "texture": "#1" }
      }
    },
    {
      "name": "Top E Side",
      "from": [11, 1, 5],
      "to": [12, 2, 9],
      "rotation": { "angle": 0, "axis": "y", "origin": [12, 1, 6] },
      "faces": {
        "north": { "uv": [4.75, 9.25, 5, 9.5], "texture": "#1" },
        "east": { "uv": [8.75, 6.5, 9.75, 6.75], "texture": "#1" },
        "south": { "uv": [9.25, 7, 9.5, 7.25], "texture": "#1" },
        "west": { "uv": [8.75, 6.75, 9.75, 7], "texture": "#1" },
        "up": { "uv": [5.25, 9.75, 5, 8.75], "texture": "#1" },
        "down": { "uv": [5.5, 8.75, 5.25, 9.75], "texture": "#1" }
      }
    },
    {
      "name": "Top N Side",
      "from": [4, 1, 4],
      "to": [12, 2, 5],
      "rotation": { "angle": 0, "axis": "y", "origin": [5, 1, 5] },
      "faces": {
        "north": { "uv": [7, 5.25, 9, 5.5], "texture": "#1" },
        "east": { "uv": [9.25, 7.25, 9.5, 7.5], "texture": "#1" },
        "south": { "uv": [7.5, 3.75, 9.5, 4], "texture": "#1" },
        "west": { "uv": [9.25, 7.75, 9.5, 8], "texture": "#1" },
        "up": { "uv": [9.5, 4.25, 7.5, 4], "texture": "#1" },
        "down": { "uv": [10, 2.5, 8, 2.75], "texture": "#1" }
      }
    },
    {
      "name": "Top Main",
      "from": [4, 1, 5],
      "to": [11, 2, 10],
      "rotation": { "angle": 0, "axis": "y", "origin": [5, 1, 6] },
      "faces": {
        "north": { "uv": [8, 6, 9.75, 6.25], "texture": "#1" },
        "east": { "uv": [8.25, 4.75, 9.5, 5], "texture": "#1" },
        "south": { "uv": [8, 6.25, 9.75, 6.5], "texture": "#1" },
        "west": { "uv": [8.25, 5, 9.5, 5.25], "texture": "#1" },
        "up": { "uv": [8.75, 1.25, 7, 0], "texture": "#1" },
        "down": { "uv": [8.75, 1.25, 7, 2.5], "texture": "#1" }
      }
    },
    {
      "name": "Bottom Main",
      "from": [4, 0, 4],
      "to": [12, 1, 10],
      "rotation": { "angle": 0, "axis": "y", "origin": [5, 0, 5] },
      "faces": {
        "north": { "uv": [8, 2.75, 10, 3], "texture": "#1" },
        "east": { "uv": [8.25, 4.25, 9.75, 4.5], "texture": "#1" },
        "south": { "uv": [8, 3, 10, 3.25], "texture": "#1" },
        "west": { "uv": [8.25, 4.5, 9.75, 4.75], "texture": "#1" },
        "up": { "uv": [6, 7, 4, 5.5], "texture": "#1" },
        "down": { "uv": [8, 5.5, 6, 7], "texture": "#1" }
      }
    },
    {
      "from": [4, 10, 5],
      "to": [5, 21, 12],
      "rotation": { "angle": 0, "axis": "y", "origin": [8, 0, 8] },
      "faces": {
        "north": { "uv": [5.5, 7, 5.75, 9.75], "texture": "#1" },
        "east": { "uv": [0, 0, 1.75, 2.75], "texture": "#1" },
        "south": { "uv": [5.75, 7, 6, 9.75], "texture": "#1" },
        "west": { "uv": [1.75, 0, 3.5, 2.75], "texture": "#1" },
        "up": { "uv": [1.75, 9.75, 1.5, 8], "texture": "#1" },
        "down": { "uv": [2, 8, 1.75, 9.75], "texture": "#1" }
      }
    },
    {
      "name": "Main",
      "from": [4, 10, 4],
      "to": [11, 21, 5],
      "rotation": { "angle": 0, "axis": "y", "origin": [8, 0, 8] },
      "faces": {
        "north": { "uv": [1.75, 2.75, 3.5, 5.5], "texture": "#1" },
        "east": { "uv": [6, 7, 6.25, 9.75], "texture": "#1" },
        "south": { "uv": [0, 2.75, 1.75, 5.5], "texture": "#1" },
        "west": { "uv": [6.25, 7, 6.5, 9.75], "texture": "#1" },
        "up": { "uv": [2.25, 9.75, 2, 8], "rotation": 90, "texture": "#1" },
        "down": { "uv": [2.5, 8, 2.25, 9.75], "rotation": 270, "texture": "#1" }
      }
    },
    {
      "from": [11, 10, 4],
      "to": [12, 21, 11],
      "rotation": { "angle": 0, "axis": "y", "origin": [8, 0, 8] },
      "faces": {
        "north": { "uv": [6.75, 7, 7, 9.75], "texture": "#1" },
        "east": { "uv": [3.5, 2.75, 5.25, 5.5], "texture": "#1" },
        "south": { "uv": [6.5, 7, 6.75, 9.75], "texture": "#1" },
        "west": { "uv": [3.5, 0, 5.25, 2.75], "texture": "#1" },
        "up": { "uv": [8.25, 8.25, 8, 6.5], "rotation": 180, "texture": "#1" },
        "down": {
          "uv": [8.5, 6.5, 8.25, 8.25],
          "rotation": 180,
          "texture": "#1"
        }
      }
    },
    {
      "from": [5, 10, 11],
      "to": [12, 21, 12],
      "rotation": { "angle": 0, "axis": "y", "origin": [8, 0, 8] },
      "faces": {
        "north": { "uv": [5.25, 0, 7, 2.75], "texture": "#1" },
        "east": { "uv": [7.25, 7, 7.5, 9.75], "texture": "#1" },
        "south": { "uv": [5.25, 2.75, 7, 5.5], "texture": "#1" },
        "west": { "uv": [7, 7, 7.25, 9.75], "texture": "#1" },
        "up": { "uv": [7.75, 10, 7.5, 8.25], "rotation": 270, "texture": "#1" },
        "down": { "uv": [8, 8.25, 7.75, 10], "rotation": 90, "texture": "#1" }
      }
    },
    {
      "from": [4, 9, 4],
      "to": [12, 10, 12],
      "rotation": { "angle": 0, "axis": "y", "origin": [8, 0, 8] },
      "faces": {
        "north": { "uv": [8, 3.25, 10, 3.5], "texture": "#1" },
        "east": { "uv": [8, 3.5, 10, 3.75], "texture": "#1" },
        "south": { "uv": [8, 5.5, 10, 5.75], "texture": "#1" },
        "west": { "uv": [8, 5.75, 10, 6], "texture": "#1" },
        "up": { "uv": [2, 7.5, 0, 5.5], "texture": "#1" },
        "down": { "uv": [4, 5.5, 2, 7.5], "texture": "#1" }
      }
    },
    {
      "from": [12, 13, 7],
      "to": [13, 18, 9],
      "rotation": { "angle": 0, "axis": "y", "origin": [8, 0, 8] },
      "faces": {
        "north": { "uv": [8, 8.25, 8.25, 9.5], "texture": "#1" },
        "east": { "uv": [2.5, 7.5, 3, 8.75], "texture": "#1" },
        "south": { "uv": [8.25, 8.25, 8.5, 9.5], "texture": "#1" },
        "west": { "uv": [7.5, 2.5, 8, 3.75], "texture": "#1" },
        "up": { "uv": [9, 9, 8.75, 8.5], "texture": "#1" },
        "down": { "uv": [9.25, 0, 9, 0.5], "texture": "#1" }
      }
    },
    {
      "from": [14, 13, 7],
      "to": [15, 18, 9],
      "rotation": { "angle": 0, "axis": "y", "origin": [8, 0, 8] },
      "faces": {
        "north": { "uv": [8.5, 6.5, 8.75, 7.75], "texture": "#1" },
        "east": { "uv": [3, 7.5, 3.5, 8.75], "texture": "#1" },
        "south": { "uv": [8.5, 7.75, 8.75, 9], "texture": "#1" },
        "west": { "uv": [3.5, 7.5, 4, 8.75], "texture": "#1" },
        "up": { "uv": [9.25, 1, 9, 0.5], "texture": "#1" },
        "down": { "uv": [9.25, 1, 9, 1.5], "texture": "#1" }
      }
    },
    {
      "from": [3, 13, 7],
      "to": [4, 18, 9],
      "rotation": { "angle": 0, "axis": "y", "origin": [8, 0, 8] },
      "faces": {
        "north": { "uv": [8.75, 0, 9, 1.25], "texture": "#1" },
        "east": { "uv": [7.5, 7, 8, 8.25], "texture": "#1" },
        "south": { "uv": [8.75, 1.25, 9, 2.5], "texture": "#1" },
        "west": { "uv": [0, 8, 0.5, 9.25], "texture": "#1" },
        "up": { "uv": [9.25, 2, 9, 1.5], "texture": "#1" },
        "down": { "uv": [9.25, 2, 9, 2.5], "texture": "#1" }
      }
    },
    {
      "from": [13, 17, 7],
      "to": [14, 18, 9],
      "rotation": { "angle": 0, "axis": "y", "origin": [8, 0, 8] },
      "faces": {
        "north": { "uv": [9.25, 8, 9.5, 8.25], "texture": "#1" },
        "east": { "uv": [9, 5.25, 9.5, 5.5], "texture": "#1" },
        "south": { "uv": [9.25, 8.25, 9.5, 8.5], "texture": "#1" },
        "west": { "uv": [9, 7.5, 9.5, 7.75], "texture": "#1" },
        "up": { "uv": [9.25, 8.25, 9, 7.75], "texture": "#1" },
        "down": { "uv": [9.25, 8.25, 9, 8.75], "texture": "#1" }
      }
    },
    {
      "from": [13, 13, 7],
      "to": [14, 14, 9],
      "rotation": { "angle": 0, "axis": "y", "origin": [8, 0, 8] },
      "faces": {
        "north": { "uv": [8.5, 9.25, 8.75, 9.5], "texture": "#1" },
        "east": { "uv": [8.5, 9, 9, 9.25], "texture": "#1" },
        "south": { "uv": [9.25, 8.5, 9.5, 8.75], "texture": "#1" },
        "west": { "uv": [9, 8.75, 9.5, 9], "texture": "#1" },
        "up": { "uv": [9.25, 9.5, 9, 9], "texture": "#1" },
        "down": { "uv": [0.25, 9.25, 0, 9.75], "texture": "#1" }
      }
    },
    {
      "from": [1, 13, 7],
      "to": [2, 18, 9],
      "rotation": { "angle": 0, "axis": "y", "origin": [8, 0, 8] },
      "faces": {
        "north": { "uv": [2.5, 8.75, 2.75, 10], "texture": "#1" },
        "east": { "uv": [0.5, 8, 1, 9.25], "texture": "#1" },
        "south": { "uv": [2.75, 8.75, 3, 10], "texture": "#1" },
        "west": { "uv": [1, 8, 1.5, 9.25], "texture": "#1" },
        "up": { "uv": [9.5, 0.5, 9.25, 0], "texture": "#1" },
        "down": { "uv": [0.5, 9.25, 0.25, 9.75], "texture": "#1" }
      }
    },
    {
      "from": [2, 17, 7],
      "to": [3, 18, 9],
      "rotation": { "angle": 0, "axis": "y", "origin": [8, 0, 8] },
      "faces": {
        "north": { "uv": [8.75, 9.25, 9, 9.5], "texture": "#1" },
        "east": { "uv": [0.5, 9.25, 1, 9.5], "texture": "#1" },
        "south": { "uv": [9.25, 9, 9.5, 9.25], "texture": "#1" },
        "west": { "uv": [9.25, 0.5, 9.75, 0.75], "texture": "#1" },
        "up": { "uv": [9.5, 1.25, 9.25, 0.75], "texture": "#1" },
        "down": { "uv": [1.25, 9.25, 1, 9.75], "texture": "#1" }
      }
    },
    {
      "from": [2, 13, 7],
      "to": [3, 14, 9],
      "rotation": { "angle": 0, "axis": "y", "origin": [8, 0, 8] },
      "faces": {
        "north": { "uv": [9.25, 9.25, 9.5, 9.5], "texture": "#1" },
        "east": { "uv": [9.25, 1.25, 9.75, 1.5], "texture": "#1" },
        "south": { "uv": [9.5, 0, 9.75, 0.25], "texture": "#1" },
        "west": { "uv": [9.25, 1.5, 9.75, 1.75], "texture": "#1" },
        "up": { "uv": [1.5, 9.75, 1.25, 9.25], "texture": "#1" },
        "down": { "uv": [9.5, 1.75, 9.25, 2.25], "texture": "#1" }
      }
    }
  ],
  "display": {
    "firstperson_righthand": {
      "scale": [0.5, 0.5, 0.5]
    },
    "firstperson_lefthand": {
      "scale": [0.5, 0.5, 0.5]
    },
    "ground": {
      "translation": [0, 4.25, 0]
    },
    "gui": {
      "rotation": [26, 15, 0],
      "translation": [0, -1.75, 0],
      "scale": [0.7, 0.7, 0.7]
    },
    "head": {
      "scale": [1.5, 1.5, 1.5]
    },
    "fixed": {
      "rotation": [-90, 0, 0],
      "translation": [0, 0, -11.75],
      "scale": [1.5, 1.5, 1.5]
    }
  },
  "groups": [
    {
      "name": "group",
      "origin": [8, 0, 8],
      "color": 0,
      "children": [
        0,
        {
          "name": "Base",
          "origin": [8, 0, 8],
          "color": 0,
          "children": [1, 2, 3, 4, 5, 6, 7]
        },
        {
          "name": "Cup",
          "origin": [8, 0, 8],
          "color": 0,
          "children": [8, 9, 10, 11, 12]
        },
        {
          "name": "Handles",
          "origin": [8, 0, 8],
          "color": 0,
          "children": [13, 14, 15, 16, 17, 18, 19, 20]
        }
      ]
    }
  ]
}
