{
  "credit": "Made with Blockbench",
  "texture_size": [128, 128],
  "parent": "minecraft:item/carved_pumpkin",
  "textures": {
    "0": "custom:item/crown_royal",
    "particle": "custom:item/crown_royal"
  },
  "elements": [
    {
      "from": [-2, -6, -2],
      "to": [18, -3, 1],
      "rotation": { "angle": 0, "axis": "y", "origin": [0, -8, 0] },
      "faces": {
        "north": { "uv": [5.75, 4.625, 8.25, 5], "texture": "#0" },
        "east": { "uv": [8.5, 5.375, 8.875, 5.75], "texture": "#0" },
        "south": { "uv": [4, 6, 6.5, 6.375], "texture": "#0" },
        "west": { "uv": [5.5, 8.5, 5.875, 8.875], "texture": "#0" },
        "up": { "uv": [6.5, 6.75, 4, 6.375], "texture": "#0" },
        "down": { "uv": [9, 6, 6.5, 6.375], "texture": "#0" }
      }
    },
    {
      "from": [-2, -6, 15],
      "to": [18, -3, 18],
      "rotation": { "angle": 0, "axis": "y", "origin": [0, -8, 0] },
      "faces": {
        "north": { "uv": [6.5, 6.375, 9, 6.75], "texture": "#0" },
        "east": { "uv": [5.875, 8.5, 6.25, 8.875], "texture": "#0" },
        "south": { "uv": [0, 6.625, 2.5, 7], "texture": "#0" },
        "west": { "uv": [6.25, 8.5, 6.625, 8.875], "texture": "#0" },
        "up": { "uv": [5, 7.125, 2.5, 6.75], "texture": "#0" },
        "down": { "uv": [7.5, 6.75, 5, 7.125], "texture": "#0" }
      }
    },
    {
      "from": [-2, -6, 1],
      "to": [1, -3, 15],
      "rotation": { "angle": 0, "axis": "y", "origin": [0, -8, 0] },
      "faces": {
        "north": { "uv": [6.625, 8.5, 7, 8.875], "texture": "#0" },
        "east": { "uv": [7.75, 0.375, 9.5, 0.75], "texture": "#0" },
        "south": { "uv": [8.5, 8.25, 8.875, 8.625], "texture": "#0" },
        "west": { "uv": [7.75, 0.75, 9.5, 1.125], "texture": "#0" },
        "up": { "uv": [0.375, 9.625, 0, 7.875], "texture": "#0" },
        "down": { "uv": [0.75, 7.875, 0.375, 9.625], "texture": "#0" }
      }
    },
    {
      "from": [15, -6, 1],
      "to": [18, -3, 15],
      "rotation": { "angle": 0, "axis": "y", "origin": [0, -8, 0] },
      "faces": {
        "north": { "uv": [2.75, 8.625, 3.125, 9], "texture": "#0" },
        "east": { "uv": [7.75, 1.125, 9.5, 1.5], "texture": "#0" },
        "south": { "uv": [7, 8.625, 7.375, 9], "texture": "#0" },
        "west": { "uv": [7, 7.875, 8.75, 8.25], "texture": "#0" },
        "up": { "uv": [1.125, 9.625, 0.75, 7.875], "texture": "#0" },
        "down": { "uv": [1.5, 7.875, 1.125, 9.625], "texture": "#0" }
      }
    },
    {
      "from": [-1, -3, 16],
      "to": [17, 2, 17],
      "rotation": { "angle": 0, "axis": "y", "origin": [0, -8, 0] },
      "faces": {
        "north": { "uv": [5.75, 4, 8, 4.625], "texture": "#0" },
        "east": { "uv": [2.5, 9.25, 2.625, 9.875], "texture": "#0" },
        "south": { "uv": [6, 1.5, 8.25, 2.125], "texture": "#0" },
        "west": { "uv": [2.625, 9.25, 2.75, 9.875], "texture": "#0" },
        "up": { "uv": [9.25, 6, 7, 5.875], "texture": "#0" },
        "down": { "uv": [5, 8, 2.75, 8.125], "texture": "#0" }
      }
    },
    {
      "from": [16, -3, 0],
      "to": [17, 2, 16],
      "rotation": { "angle": 0, "axis": "y", "origin": [0, -8, 0] },
      "faces": {
        "north": { "uv": [4.25, 9.25, 4.375, 9.875], "texture": "#0" },
        "east": { "uv": [6, 2.75, 8, 3.375], "texture": "#0" },
        "south": { "uv": [4.375, 9.25, 4.5, 9.875], "texture": "#0" },
        "west": { "uv": [6, 3.375, 8, 4], "texture": "#0" },
        "up": { "uv": [5.125, 10, 5, 8], "texture": "#0" },
        "down": { "uv": [5.25, 8, 5.125, 10], "texture": "#0" }
      }
    },
    {
      "from": [-1, -3, -1],
      "to": [17, 2, 0],
      "rotation": { "angle": 0, "axis": "y", "origin": [0, -8, 0] },
      "faces": {
        "north": { "uv": [1.75, 6, 4, 6.625], "texture": "#0" },
        "east": { "uv": [4.5, 9.25, 4.625, 9.875], "texture": "#0" },
        "south": { "uv": [6, 2.125, 8.25, 2.75], "texture": "#0" },
        "west": { "uv": [4.625, 9.25, 4.75, 9.875], "texture": "#0" },
        "up": { "uv": [10.25, 2.875, 8, 2.75], "texture": "#0" },
        "down": { "uv": [10.25, 2.875, 8, 3], "texture": "#0" }
      }
    },
    {
      "from": [-1, -3, 0],
      "to": [0, 2, 16],
      "rotation": { "angle": 0, "axis": "y", "origin": [0, -8, 0] },
      "faces": {
        "north": { "uv": [2.25, 9.25, 2.375, 9.875], "texture": "#0" },
        "east": { "uv": [5.75, 0, 7.75, 0.625], "texture": "#0" },
        "south": { "uv": [2.375, 9.25, 2.5, 9.875], "texture": "#0" },
        "west": { "uv": [5.75, 0.75, 7.75, 1.375], "texture": "#0" },
        "up": { "uv": [5.375, 10, 5.25, 8], "texture": "#0" },
        "down": { "uv": [5.5, 8, 5.375, 10], "texture": "#0" }
      }
    },
    {
      "from": [19.85247, 1.85491, 4],
      "to": [20.85247, 8.85491, 12],
      "rotation": {
        "angle": -22.5,
        "axis": "z",
        "origin": [18.29094, 11.61129, 8]
      },
      "faces": {
        "north": { "uv": [2.75, 9, 2.875, 9.875], "texture": "#0" },
        "east": { "uv": [0, 7, 1, 7.875], "texture": "#0" },
        "south": { "uv": [2.875, 9, 3, 9.875], "texture": "#0" },
        "west": { "uv": [1, 7, 2, 7.875], "texture": "#0" },
        "up": { "uv": [3.25, 9.625, 3.125, 8.625], "texture": "#0" },
        "down": { "uv": [7.5, 8.625, 7.375, 9.625], "texture": "#0" }
      }
    },
    {
      "from": [20.9244, 11.24387, 6],
      "to": [21.9244, 14.24387, 10],
      "rotation": {
        "angle": -22.5,
        "axis": "z",
        "origin": [18.29094, 11.61129, 8]
      },
      "faces": {
        "north": { "uv": [4.75, 8.125, 4.875, 8.5], "texture": "#0" },
        "east": { "uv": [8, 5.5, 8.5, 5.875], "texture": "#0" },
        "south": { "uv": [4.875, 8.125, 5, 8.5], "texture": "#0" },
        "west": { "uv": [3.25, 8.125, 3.75, 8.5], "texture": "#0" },
        "up": { "uv": [4.875, 9.75, 4.75, 9.25], "texture": "#0" },
        "down": { "uv": [5, 9.25, 4.875, 9.75], "texture": "#0" }
      }
    },
    {
      "from": [21.66526, 12.66301, 6.01],
      "to": [22.64526, 14.64301, 9.99],
      "rotation": {
        "angle": 0,
        "axis": "y",
        "origin": [18.29094, 11.61129, 8]
      },
      "faces": {
        "north": { "uv": [5.75, 1.5, 5.875, 1.75], "texture": "#0" },
        "east": { "uv": [7.5, 8.625, 8, 8.875], "texture": "#0" },
        "south": { "uv": [5.875, 1.5, 6, 1.75], "texture": "#0" },
        "west": { "uv": [8, 8.625, 8.5, 8.875], "texture": "#0" },
        "up": { "uv": [9.375, 9.375, 9.25, 8.875], "texture": "#0" },
        "down": { "uv": [3.625, 9.375, 3.5, 9.875], "texture": "#0" }
      }
    },
    {
      "from": [22.48706, 12.75132, 6],
      "to": [23.48706, 14.75132, 10],
      "rotation": {
        "angle": 22.5,
        "axis": "z",
        "origin": [18.29094, 11.61129, 8]
      },
      "faces": {
        "north": { "uv": [9.5, 8.625, 9.625, 8.875], "texture": "#0" },
        "east": { "uv": [8.5, 8.625, 9, 8.875], "texture": "#0" },
        "south": { "uv": [0.25, 9.625, 0.375, 9.875], "texture": "#0" },
        "west": { "uv": [1.5, 8.75, 2, 9], "texture": "#0" },
        "up": { "uv": [3.75, 9.875, 3.625, 9.375], "texture": "#0" },
        "down": { "uv": [3.875, 9.375, 3.75, 9.875], "texture": "#0" }
      }
    },
    {
      "from": [23.30317, 12.53383, 6.01],
      "to": [24.28317, 14.51383, 9.99],
      "rotation": {
        "angle": 45,
        "axis": "z",
        "origin": [18.29094, 11.61129, 8]
      },
      "faces": {
        "north": { "uv": [0.375, 9.625, 0.5, 9.875], "texture": "#0" },
        "east": { "uv": [8.75, 1.5, 9.25, 1.75], "texture": "#0" },
        "south": { "uv": [0.5, 9.625, 0.625, 9.875], "texture": "#0" },
        "west": { "uv": [8.75, 1.75, 9.25, 2], "texture": "#0" },
        "up": { "uv": [4, 9.875, 3.875, 9.375], "texture": "#0" },
        "down": { "uv": [4.125, 9.375, 4, 9.875], "texture": "#0" }
      }
    },
    {
      "from": [15.89706, 17.27121, 6],
      "to": [17.89706, 18.27121, 10],
      "rotation": {
        "angle": -22.5,
        "axis": "z",
        "origin": [18.29094, 11.61129, 8]
      },
      "faces": {
        "north": { "uv": [6.75, 5, 7, 5.125], "texture": "#0" },
        "east": { "uv": [3.5, 6.625, 4, 6.75], "texture": "#0" },
        "south": { "uv": [8, 4.5, 8.25, 4.625], "texture": "#0" },
        "west": { "uv": [2, 7, 2.5, 7.125], "texture": "#0" },
        "up": { "uv": [2.25, 9.25, 2, 8.75], "texture": "#0" },
        "down": { "uv": [9, 2, 8.75, 2.5], "texture": "#0" }
      }
    },
    {
      "from": [16.63792, 17.69035, 6.01],
      "to": [18.61792, 18.67035, 9.99],
      "rotation": {
        "angle": 0,
        "axis": "y",
        "origin": [18.29094, 11.61129, 8]
      },
      "faces": {
        "north": { "uv": [8.25, 4.875, 8.5, 5], "texture": "#0" },
        "east": { "uv": [1.5, 7.875, 2, 8], "texture": "#0" },
        "south": { "uv": [8.5, 4.375, 8.75, 4.5], "texture": "#0" },
        "west": { "uv": [8.25, 2.625, 8.75, 2.75], "texture": "#0" },
        "up": { "uv": [2.5, 9.25, 2.25, 8.75], "texture": "#0" },
        "down": { "uv": [2.75, 8.75, 2.5, 9.25], "texture": "#0" }
      }
    },
    {
      "from": [17.45972, 17.77866, 6],
      "to": [19.45972, 18.77866, 10],
      "rotation": {
        "angle": 22.5,
        "axis": "z",
        "origin": [18.29094, 11.61129, 8]
      },
      "faces": {
        "north": { "uv": [8.5, 5.75, 8.75, 5.875], "texture": "#0" },
        "east": { "uv": [9, 6.625, 9.5, 6.75], "texture": "#0" },
        "south": { "uv": [0.625, 9.625, 0.875, 9.75], "texture": "#0" },
        "west": { "uv": [9.25, 2.5, 9.75, 2.625], "texture": "#0" },
        "up": { "uv": [4.5, 9.25, 4.25, 8.75], "texture": "#0" },
        "down": { "uv": [9, 4.375, 8.75, 4.875], "texture": "#0" }
      }
    },
    {
      "from": [18.27583, 17.56116, 6.01],
      "to": [20.25583, 18.54116, 9.99],
      "rotation": {
        "angle": 45,
        "axis": "z",
        "origin": [18.29094, 11.61129, 8]
      },
      "faces": {
        "north": { "uv": [0.875, 9.625, 1.125, 9.75], "texture": "#0" },
        "east": { "uv": [9.25, 2.625, 9.75, 2.75], "texture": "#0" },
        "south": { "uv": [1.125, 9.625, 1.375, 9.75], "texture": "#0" },
        "west": { "uv": [9.25, 4.125, 9.75, 4.25], "texture": "#0" },
        "up": { "uv": [4.75, 9.25, 4.5, 8.75], "texture": "#0" },
        "down": { "uv": [5, 8.75, 4.75, 9.25], "texture": "#0" }
      }
    },
    {
      "from": [20.79843, 9.6723, 6.01],
      "to": [21.77843, 12.6523, 9.99],
      "rotation": {
        "angle": -45,
        "axis": "z",
        "origin": [18.29094, 11.61129, 8]
      },
      "faces": {
        "north": { "uv": [9.5, 7.5, 9.625, 7.875], "texture": "#0" },
        "east": { "uv": [3.75, 8.125, 4.25, 8.5], "texture": "#0" },
        "south": { "uv": [8, 9.5, 8.125, 9.875], "texture": "#0" },
        "west": { "uv": [4.25, 8.125, 4.75, 8.5], "texture": "#0" },
        "up": { "uv": [4.25, 9.875, 4.125, 9.375], "texture": "#0" },
        "down": { "uv": [9.5, 5.375, 9.375, 5.875], "texture": "#0" }
      }
    },
    {
      "from": [-1, 2, 4],
      "to": [0, 9, 12],
      "rotation": { "angle": 22.5, "axis": "z", "origin": [0, 2, 7] },
      "faces": {
        "north": { "uv": [3, 9, 3.125, 9.875], "texture": "#0" },
        "east": { "uv": [7, 5, 8, 5.875], "texture": "#0" },
        "south": { "uv": [7, 9, 7.125, 9.875], "texture": "#0" },
        "west": { "uv": [2, 7.125, 3, 8], "texture": "#0" },
        "up": { "uv": [3.375, 9.875, 3.25, 8.875], "texture": "#0" },
        "down": { "uv": [3.5, 8.875, 3.375, 9.875], "texture": "#0" }
      }
    },
    {
      "from": [-6.1923, 9.79068, 6],
      "to": [-5.1923, 12.79068, 10],
      "rotation": {
        "angle": 22.5,
        "axis": "z",
        "origin": [-6.07771, 11.5581, 7]
      },
      "faces": {
        "north": { "uv": [8.125, 9.5, 8.25, 9.875], "texture": "#0" },
        "east": { "uv": [8.25, 1.5, 8.75, 1.875], "texture": "#0" },
        "south": { "uv": [8.25, 9.5, 8.375, 9.875], "texture": "#0" },
        "west": { "uv": [8.25, 1.875, 8.75, 2.25], "texture": "#0" },
        "up": { "uv": [5.625, 9.875, 5.5, 9.375], "texture": "#0" },
        "down": { "uv": [5.75, 9.375, 5.625, 9.875], "texture": "#0" }
      }
    },
    {
      "from": [-6.64526, 12.66301, 6.01],
      "to": [-5.66526, 14.64301, 9.99],
      "rotation": {
        "angle": 0,
        "axis": "y",
        "origin": [-6.54068, 13.42043, 7]
      },
      "faces": {
        "north": { "uv": [1.375, 9.625, 1.5, 9.875], "texture": "#0" },
        "east": { "uv": [8.75, 2.5, 9.25, 2.75], "texture": "#0" },
        "south": { "uv": [1.5, 9.625, 1.625, 9.875], "texture": "#0" },
        "west": { "uv": [8.75, 7.875, 9.25, 8.125], "texture": "#0" },
        "up": { "uv": [5.875, 9.875, 5.75, 9.375], "texture": "#0" },
        "down": { "uv": [6, 9.375, 5.875, 9.875], "texture": "#0" }
      }
    },
    {
      "from": [-6.21806, 14.2421, 6],
      "to": [-5.21806, 16.2421, 10],
      "rotation": {
        "angle": -22.5,
        "axis": "z",
        "origin": [-5.40377, 15.54652, 7]
      },
      "faces": {
        "north": { "uv": [1.625, 9.625, 1.75, 9.875], "texture": "#0" },
        "east": { "uv": [3.5, 8.875, 4, 9.125], "texture": "#0" },
        "south": { "uv": [1.75, 9.625, 1.875, 9.875], "texture": "#0" },
        "west": { "uv": [8.875, 5.375, 9.375, 5.625], "texture": "#0" },
        "up": { "uv": [6.125, 9.875, 6, 9.375], "texture": "#0" },
        "down": { "uv": [6.25, 9.375, 6.125, 9.875], "texture": "#0" }
      }
    },
    {
      "from": [-5.32055, 16.18416, 6.01],
      "to": [-4.34055, 18.16416, 9.99],
      "rotation": {
        "angle": -45,
        "axis": "z",
        "origin": [-5.21597, 17.01265, 7]
      },
      "faces": {
        "north": { "uv": [1.875, 9.625, 2, 9.875], "texture": "#0" },
        "east": { "uv": [5.5, 8.875, 6, 9.125], "texture": "#0" },
        "south": { "uv": [3.125, 9.625, 3.25, 9.875], "texture": "#0" },
        "west": { "uv": [8.875, 5.625, 9.375, 5.875], "texture": "#0" },
        "up": { "uv": [6.375, 9.875, 6.25, 9.375], "texture": "#0" },
        "down": { "uv": [6.5, 9.375, 6.375, 9.875], "texture": "#0" }
      }
    },
    {
      "from": [-4.43321, 17.26244, 6],
      "to": [-2.43321, 18.26244, 10],
      "rotation": {
        "angle": 22.5,
        "axis": "z",
        "origin": [-3.58105, 17.98195, 7]
      },
      "faces": {
        "north": { "uv": [9.625, 4.875, 9.875, 5], "texture": "#0" },
        "east": { "uv": [9.25, 4.25, 9.75, 4.375], "texture": "#0" },
        "south": { "uv": [9.625, 5, 9.875, 5.125], "texture": "#0" },
        "west": { "uv": [9.25, 5.875, 9.75, 6], "texture": "#0" },
        "up": { "uv": [4.25, 9.375, 4, 8.875], "texture": "#0" },
        "down": { "uv": [6.25, 8.875, 6, 9.375], "texture": "#0" }
      }
    },
    {
      "from": [-2.61792, 17.69035, 6.01],
      "to": [-0.63792, 18.67035, 9.99],
      "rotation": {
        "angle": 0,
        "axis": "y",
        "origin": [-2.08233, 17.85866, 7]
      },
      "faces": {
        "north": { "uv": [9.625, 5.125, 9.875, 5.25], "texture": "#0" },
        "east": { "uv": [9.25, 7.875, 9.75, 8], "texture": "#0" },
        "south": { "uv": [9.625, 5.25, 9.875, 5.375], "texture": "#0" },
        "west": { "uv": [9.25, 8, 9.75, 8.125], "texture": "#0" },
        "up": { "uv": [6.5, 9.375, 6.25, 8.875], "texture": "#0" },
        "down": { "uv": [6.75, 8.875, 6.5, 9.375], "texture": "#0" }
      }
    },
    {
      "from": [-0.83582, 17.38186, 6],
      "to": [1.16418, 18.38186, 10],
      "rotation": {
        "angle": -22.5,
        "axis": "z",
        "origin": [0.01842, 18.00852, 7]
      },
      "faces": {
        "north": { "uv": [6.5, 9.625, 6.75, 9.75], "texture": "#0" },
        "east": { "uv": [6.5, 9.375, 7, 9.5], "texture": "#0" },
        "south": { "uv": [6.75, 9.625, 7, 9.75], "texture": "#0" },
        "west": { "uv": [7.5, 9.375, 8, 9.5], "texture": "#0" },
        "up": { "uv": [7, 9.375, 6.75, 8.875], "texture": "#0" },
        "down": { "uv": [7.75, 8.875, 7.5, 9.375], "texture": "#0" }
      }
    },
    {
      "from": [1.05399, 16.7296, 6.01],
      "to": [3.03399, 17.7096, 9.99],
      "rotation": {
        "angle": -45,
        "axis": "z",
        "origin": [1.36775, 17.60502, 7]
      },
      "faces": {
        "north": { "uv": [7.375, 9.625, 7.625, 9.75], "texture": "#0" },
        "east": { "uv": [8, 9.375, 8.5, 9.5], "texture": "#0" },
        "south": { "uv": [9.625, 7.5, 9.875, 7.625], "texture": "#0" },
        "west": { "uv": [9.375, 8.125, 9.875, 8.25], "texture": "#0" },
        "up": { "uv": [8, 9.375, 7.75, 8.875], "texture": "#0" },
        "down": { "uv": [8.25, 8.875, 8, 9.375], "texture": "#0" }
      }
    },
    {
      "from": [-3.96008, 8.41089, 6.01],
      "to": [-2.98008, 11.39089, 9.99],
      "rotation": {
        "angle": 45,
        "axis": "z",
        "origin": [-2.90443, 8.78565, 7]
      },
      "faces": {
        "north": { "uv": [8.375, 9.5, 8.5, 9.875], "texture": "#0" },
        "east": { "uv": [8.25, 2.25, 8.75, 2.625], "texture": "#0" },
        "south": { "uv": [8.75, 9.5, 8.875, 9.875], "texture": "#0" },
        "west": { "uv": [8.25, 4.5, 8.75, 4.875], "texture": "#0" },
        "up": { "uv": [8.625, 9.875, 8.5, 9.375], "texture": "#0" },
        "down": { "uv": [8.75, 9.375, 8.625, 9.875], "texture": "#0" }
      }
    },
    {
      "from": [4, 2, -1],
      "to": [12, 9, 0],
      "rotation": { "angle": -22.5, "axis": "x", "origin": [8, 2, 0] },
      "faces": {
        "north": { "uv": [3, 7.125, 4, 8], "texture": "#0" },
        "east": { "uv": [7.125, 9, 7.25, 9.875], "texture": "#0" },
        "south": { "uv": [4, 7.125, 5, 8], "texture": "#0" },
        "west": { "uv": [7.25, 9, 7.375, 9.875], "texture": "#0" },
        "up": { "uv": [6.75, 5.125, 5.75, 5], "texture": "#0" },
        "down": { "uv": [3.5, 6.625, 2.5, 6.75], "texture": "#0" }
      }
    },
    {
      "from": [6.01, 8.47716, -3.66878],
      "to": [9.99, 11.45716, -2.68878],
      "rotation": {
        "angle": -45,
        "axis": "x",
        "origin": [8, 8.46716, -2.67878]
      },
      "faces": {
        "north": { "uv": [7, 8.25, 7.5, 8.625], "texture": "#0" },
        "east": { "uv": [8.875, 9.5, 9, 9.875], "texture": "#0" },
        "south": { "uv": [7.5, 8.25, 8, 8.625], "texture": "#0" },
        "west": { "uv": [9, 9.5, 9.125, 9.875], "texture": "#0" },
        "up": { "uv": [9.875, 8.375, 9.375, 8.25], "texture": "#0" },
        "down": { "uv": [9.875, 8.375, 9.375, 8.5], "texture": "#0" }
      }
    },
    {
      "from": [6, 10.26405, -5.58333],
      "to": [10, 13.26405, -4.58333],
      "rotation": {
        "angle": -22.5,
        "axis": "x",
        "origin": [8, 10.26405, -4.58333]
      },
      "faces": {
        "north": { "uv": [8, 8.25, 8.5, 8.625], "texture": "#0" },
        "east": { "uv": [9.125, 9.5, 9.25, 9.875], "texture": "#0" },
        "south": { "uv": [8.5, 3, 9, 3.375], "texture": "#0" },
        "west": { "uv": [9.25, 9.5, 9.375, 9.875], "texture": "#0" },
        "up": { "uv": [9.875, 8.625, 9.375, 8.5], "texture": "#0" },
        "down": { "uv": [9.25, 9.375, 8.75, 9.5], "texture": "#0" }
      }
    },
    {
      "from": [6.01, 12.66301, -6.64526],
      "to": [9.99, 14.64301, -5.66526],
      "rotation": {
        "angle": 0,
        "axis": "y",
        "origin": [8, 12.65301, -5.65526]
      },
      "faces": {
        "north": { "uv": [8.875, 8.125, 9.375, 8.375], "texture": "#0" },
        "east": { "uv": [7.625, 9.625, 7.75, 9.875], "texture": "#0" },
        "south": { "uv": [8.25, 8.875, 8.75, 9.125], "texture": "#0" },
        "west": { "uv": [9.625, 7.625, 9.75, 7.875], "texture": "#0" },
        "up": { "uv": [9.875, 9, 9.375, 8.875], "texture": "#0" },
        "down": { "uv": [9.875, 9, 9.375, 9.125], "texture": "#0" }
      }
    },
    {
      "from": [6, 14.27033, -6.73138],
      "to": [10, 16.27033, -5.73138],
      "rotation": {
        "angle": 22.5,
        "axis": "x",
        "origin": [8, 14.27033, -5.73138]
      },
      "faces": {
        "north": { "uv": [8.875, 8.375, 9.375, 8.625], "texture": "#0" },
        "east": { "uv": [7.75, 9.625, 7.875, 9.875], "texture": "#0" },
        "south": { "uv": [8.75, 8.875, 9.25, 9.125], "texture": "#0" },
        "west": { "uv": [7.875, 9.625, 8, 9.875], "texture": "#0" },
        "up": { "uv": [9.875, 9.25, 9.375, 9.125], "texture": "#0" },
        "down": { "uv": [9.75, 9.375, 9.25, 9.5], "texture": "#0" }
      }
    },
    {
      "from": [6.01, 15.80366, -6.17279],
      "to": [9.99, 17.78366, -5.19279],
      "rotation": {
        "angle": 45,
        "axis": "x",
        "origin": [8, 15.79366, -5.18279]
      },
      "faces": {
        "north": { "uv": [1.5, 9, 2, 9.25], "texture": "#0" },
        "east": { "uv": [9.625, 8.625, 9.75, 8.875], "texture": "#0" },
        "south": { "uv": [9, 2, 9.5, 2.25], "texture": "#0" },
        "west": { "uv": [9.625, 9.5, 9.75, 9.75], "texture": "#0" },
        "up": { "uv": [9.875, 9.375, 9.375, 9.25], "texture": "#0" },
        "down": { "uv": [10, 0.375, 9.5, 0.5], "texture": "#0" }
      }
    },
    {
      "from": [6.01, 17.69035, -2.61792],
      "to": [9.99, 18.67035, -0.63792],
      "rotation": {
        "angle": 0,
        "axis": "y",
        "origin": [8, 17.68035, -2.62792]
      },
      "faces": {
        "north": { "uv": [9.5, 0.5, 10, 0.625], "texture": "#0" },
        "east": { "uv": [9.75, 0, 10, 0.125], "texture": "#0" },
        "south": { "uv": [9.5, 0.625, 10, 0.75], "texture": "#0" },
        "west": { "uv": [9.75, 0.125, 10, 0.25], "texture": "#0" },
        "up": { "uv": [9.5, 2.5, 9, 2.25], "texture": "#0" },
        "down": { "uv": [9.5, 3, 9, 3.25], "texture": "#0" }
      }
    },
    {
      "from": [6, 17.75647, -1.01061],
      "to": [10, 18.75647, 0.98939],
      "rotation": {
        "angle": 22.5,
        "axis": "x",
        "origin": [8, 17.75647, -1.01061]
      },
      "faces": {
        "north": { "uv": [9.5, 0.75, 10, 0.875], "texture": "#0" },
        "east": { "uv": [9.75, 0.25, 10, 0.375], "texture": "#0" },
        "south": { "uv": [9.5, 0.875, 10, 1], "texture": "#0" },
        "west": { "uv": [0.625, 9.75, 0.875, 9.875], "texture": "#0" },
        "up": { "uv": [9.5, 3.5, 9, 3.25], "texture": "#0" },
        "down": { "uv": [9.5, 3.5, 9, 3.75], "texture": "#0" }
      }
    },
    {
      "from": [6.01, 17.21787, 0.52273],
      "to": [9.99, 18.19787, 2.50273],
      "rotation": {
        "angle": 45,
        "axis": "x",
        "origin": [8, 17.20787, 0.51273]
      },
      "faces": {
        "north": { "uv": [9.5, 1, 10, 1.125], "texture": "#0" },
        "east": { "uv": [0.875, 9.75, 1.125, 9.875], "texture": "#0" },
        "south": { "uv": [9.5, 1.125, 10, 1.25], "texture": "#0" },
        "west": { "uv": [1.125, 9.75, 1.375, 9.875], "texture": "#0" },
        "up": { "uv": [9.5, 4, 9, 3.75], "texture": "#0" },
        "down": { "uv": [9.5, 4.375, 9, 4.625], "texture": "#0" }
      }
    },
    {
      "from": [6, 16.9911, -4.093],
      "to": [10, 17.9911, -2.093],
      "rotation": {
        "angle": -22.5,
        "axis": "x",
        "origin": [8, 16.9911, -4.093]
      },
      "faces": {
        "north": { "uv": [9.5, 1.25, 10, 1.375], "texture": "#0" },
        "east": { "uv": [9.75, 1.5, 10, 1.625], "texture": "#0" },
        "south": { "uv": [9.5, 1.375, 10, 1.5], "texture": "#0" },
        "west": { "uv": [9.75, 1.625, 10, 1.75], "texture": "#0" },
        "up": { "uv": [9.5, 4.875, 9, 4.625], "texture": "#0" },
        "down": { "uv": [9.5, 6, 9, 6.25], "texture": "#0" }
      }
    },
    {
      "from": [4, 2, 16],
      "to": [12, 9, 17],
      "rotation": { "angle": 22.5, "axis": "x", "origin": [8, 2, 16] },
      "faces": {
        "north": { "uv": [5, 7.125, 6, 8], "texture": "#0" },
        "east": { "uv": [2, 9.25, 2.125, 10.125], "texture": "#0" },
        "south": { "uv": [6, 7.125, 7, 8], "texture": "#0" },
        "west": { "uv": [2.125, 9.25, 2.25, 10.125], "texture": "#0" },
        "up": { "uv": [10, 4.125, 9, 4], "texture": "#0" },
        "down": { "uv": [10, 6.25, 9, 6.375], "texture": "#0" }
      }
    },
    {
      "from": [6.01, 8.47716, 18.68878],
      "to": [9.99, 11.45716, 19.66878],
      "rotation": {
        "angle": 45,
        "axis": "x",
        "origin": [8, 8.46716, 18.67878]
      },
      "faces": {
        "north": { "uv": [3.25, 8.5, 3.75, 8.875], "texture": "#0" },
        "east": { "uv": [9.375, 9.5, 9.5, 9.875], "texture": "#0" },
        "south": { "uv": [8.5, 3.375, 9, 3.75], "texture": "#0" },
        "west": { "uv": [9.5, 9.5, 9.625, 9.875], "texture": "#0" },
        "up": { "uv": [2, 9.625, 1.5, 9.5], "texture": "#0" },
        "down": { "uv": [10, 2, 9.5, 2.125], "texture": "#0" }
      }
    },
    {
      "from": [6, 10.26405, 20.58333],
      "to": [10, 13.26405, 21.58333],
      "rotation": {
        "angle": 22.5,
        "axis": "x",
        "origin": [8, 10.26405, 20.58333]
      },
      "faces": {
        "north": { "uv": [3.75, 8.5, 4.25, 8.875], "texture": "#0" },
        "east": { "uv": [0, 9.625, 0.125, 10], "texture": "#0" },
        "south": { "uv": [8.5, 3.75, 9, 4.125], "texture": "#0" },
        "west": { "uv": [0.125, 9.625, 0.25, 10], "texture": "#0" },
        "up": { "uv": [10, 2.25, 9.5, 2.125], "texture": "#0" },
        "down": { "uv": [10, 2.25, 9.5, 2.375], "texture": "#0" }
      }
    },
    {
      "from": [6.01, 12.66301, 21.66526],
      "to": [9.99, 14.64301, 22.64526],
      "rotation": {
        "angle": 0,
        "axis": "y",
        "origin": [8, 12.65301, 21.65526]
      },
      "faces": {
        "north": { "uv": [9, 6.375, 9.5, 6.625], "texture": "#0" },
        "east": { "uv": [9.75, 1.75, 9.875, 2], "texture": "#0" },
        "south": { "uv": [9, 7.125, 9.5, 7.375], "texture": "#0" },
        "west": { "uv": [9.75, 2.5, 9.875, 2.75], "texture": "#0" },
        "up": { "uv": [10, 2.5, 9.5, 2.375], "texture": "#0" },
        "down": { "uv": [10, 3, 9.5, 3.125], "texture": "#0" }
      }
    },
    {
      "from": [6, 14.27033, 21.73138],
      "to": [10, 16.27033, 22.73138],
      "rotation": {
        "angle": -22.5,
        "axis": "x",
        "origin": [8, 14.27033, 21.73138]
      },
      "faces": {
        "north": { "uv": [9, 7.375, 9.5, 7.625], "texture": "#0" },
        "east": { "uv": [9.75, 4.125, 9.875, 4.375], "texture": "#0" },
        "south": { "uv": [9, 7.625, 9.5, 7.875], "texture": "#0" },
        "west": { "uv": [4.75, 9.75, 4.875, 10], "texture": "#0" },
        "up": { "uv": [10, 3.25, 9.5, 3.125], "texture": "#0" },
        "down": { "uv": [10, 3.25, 9.5, 3.375], "texture": "#0" }
      }
    },
    {
      "from": [6, 15.79366, 21.18279],
      "to": [10, 17.79366, 22.18279],
      "rotation": {
        "angle": -45,
        "axis": "x",
        "origin": [8, 15.79366, 21.18279]
      },
      "faces": {
        "north": { "uv": [9, 8.625, 9.5, 8.875], "texture": "#0" },
        "east": { "uv": [4.875, 9.75, 5, 10], "texture": "#0" },
        "south": { "uv": [3.5, 9.125, 4, 9.375], "texture": "#0" },
        "west": { "uv": [6.5, 9.75, 6.625, 10], "texture": "#0" },
        "up": { "uv": [10, 3.5, 9.5, 3.375], "texture": "#0" },
        "down": { "uv": [10, 3.5, 9.5, 3.625], "texture": "#0" }
      }
    },
    {
      "from": [6.01, 17.69035, 16.63792],
      "to": [9.99, 18.67035, 18.61792],
      "rotation": {
        "angle": 0,
        "axis": "y",
        "origin": [8, 17.68035, 18.62792]
      },
      "faces": {
        "north": { "uv": [9.5, 3.625, 10, 3.75], "texture": "#0" },
        "east": { "uv": [9.75, 5.875, 10, 6], "texture": "#0" },
        "south": { "uv": [9.5, 3.75, 10, 3.875], "texture": "#0" },
        "west": { "uv": [6.625, 9.75, 6.875, 9.875], "texture": "#0" },
        "up": { "uv": [9.625, 5.125, 9.125, 4.875], "texture": "#0" },
        "down": { "uv": [9.625, 5.125, 9.125, 5.375], "texture": "#0" }
      }
    },
    {
      "from": [6, 17.75647, 15.01061],
      "to": [10, 18.75647, 17.01061],
      "rotation": {
        "angle": -22.5,
        "axis": "x",
        "origin": [8, 17.75647, 17.01061]
      },
      "faces": {
        "north": { "uv": [9.5, 3.875, 10, 4], "texture": "#0" },
        "east": { "uv": [7.375, 9.75, 7.625, 9.875], "texture": "#0" },
        "south": { "uv": [9.5, 4.375, 10, 4.5], "texture": "#0" },
        "west": { "uv": [9.75, 7.625, 10, 7.75], "texture": "#0" },
        "up": { "uv": [6, 9.375, 5.5, 9.125], "texture": "#0" },
        "down": { "uv": [8.75, 9.125, 8.25, 9.375], "texture": "#0" }
      }
    },
    {
      "from": [6.01, 17.21787, 13.49727],
      "to": [9.99, 18.19787, 15.47727],
      "rotation": {
        "angle": -45,
        "axis": "x",
        "origin": [8, 17.20787, 15.48727]
      },
      "faces": {
        "north": { "uv": [9.5, 4.5, 10, 4.625], "texture": "#0" },
        "east": { "uv": [9.75, 7.75, 10, 7.875], "texture": "#0" },
        "south": { "uv": [9.5, 4.625, 10, 4.75], "texture": "#0" },
        "west": { "uv": [9.75, 7.875, 10, 8], "texture": "#0" },
        "up": { "uv": [9.25, 9.375, 8.75, 9.125], "texture": "#0" },
        "down": { "uv": [2, 9.25, 1.5, 9.5], "texture": "#0" }
      }
    },
    {
      "from": [6, 16.9911, 18.093],
      "to": [10, 17.9911, 20.093],
      "rotation": {
        "angle": 22.5,
        "axis": "x",
        "origin": [8, 16.9911, 20.093]
      },
      "faces": {
        "north": { "uv": [9.5, 4.75, 10, 4.875], "texture": "#0" },
        "east": { "uv": [9.75, 8, 10, 8.125], "texture": "#0" },
        "south": { "uv": [9.5, 5.375, 10, 5.5], "texture": "#0" },
        "west": { "uv": [9.75, 8.625, 10, 8.75], "texture": "#0" },
        "up": { "uv": [9.75, 1.75, 9.25, 1.5], "texture": "#0" },
        "down": { "uv": [9.75, 1.75, 9.25, 2], "texture": "#0" }
      }
    },
    {
      "from": [0, 7, 0],
      "to": [16, 16, 16],
      "rotation": { "angle": 0, "axis": "y", "origin": [6, 0, 7] },
      "faces": {
        "north": { "uv": [1.75, 4, 3.75, 5.125], "texture": "#0" },
        "east": { "uv": [4, 1.75, 6, 2.875], "texture": "#0" },
        "south": { "uv": [4, 2.875, 6, 4], "texture": "#0" },
        "west": { "uv": [3.75, 4, 5.75, 5.125], "texture": "#0" },
        "up": { "uv": [2, 2, 0, 0], "texture": "#0" },
        "down": { "uv": [2, 2, 0, 4], "texture": "#0" }
      }
    },
    {
      "from": [1, 0, 1],
      "to": [15, 7, 15],
      "rotation": { "angle": 0, "axis": "y", "origin": [6, -8, 7] },
      "faces": {
        "north": { "uv": [1.75, 5.125, 3.5, 6], "texture": "#0" },
        "east": { "uv": [3.5, 5.125, 5.25, 6], "texture": "#0" },
        "south": { "uv": [5.25, 5.125, 7, 6], "texture": "#0" },
        "west": { "uv": [0, 5.75, 1.75, 6.625], "texture": "#0" },
        "up": { "uv": [1.75, 5.75, 0, 4], "texture": "#0" },
        "down": { "uv": [5.75, 0, 4, 1.75], "texture": "#0" }
      }
    },
    {
      "from": [0, -3, 0],
      "to": [16, 0, 16],
      "rotation": { "angle": 0, "axis": "y", "origin": [6, -11, 7] },
      "faces": {
        "north": { "uv": [7, 7.125, 9, 7.5], "texture": "#0" },
        "east": { "uv": [7.5, 6.75, 9.5, 7.125], "texture": "#0" },
        "south": { "uv": [7, 7.5, 9, 7.875], "texture": "#0" },
        "west": { "uv": [7.75, 0, 9.75, 0.375], "texture": "#0" },
        "up": { "uv": [4, 2, 2, 0], "texture": "#0" },
        "down": { "uv": [4, 2, 2, 4], "texture": "#0" }
      }
    },
    {
      "from": [6, 16, 11],
      "to": [10, 17, 14],
      "rotation": { "angle": 0, "axis": "y", "origin": [6, 9, 7] },
      "faces": {
        "north": { "uv": [9.5, 5.5, 10, 5.625], "texture": "#0" },
        "east": { "uv": [9.5, 5.625, 9.875, 5.75], "texture": "#0" },
        "south": { "uv": [9.5, 5.75, 10, 5.875], "texture": "#0" },
        "west": { "uv": [9.5, 6, 9.875, 6.125], "texture": "#0" },
        "up": { "uv": [8.5, 3.375, 8, 3], "texture": "#0" },
        "down": { "uv": [8.5, 3.5, 8, 3.875], "texture": "#0" }
      }
    },
    {
      "from": [6, 16, 2],
      "to": [10, 17, 5],
      "rotation": { "angle": 0, "axis": "y", "origin": [6, 9, -1] },
      "faces": {
        "north": { "uv": [9.5, 6.125, 10, 6.25], "texture": "#0" },
        "east": { "uv": [9.5, 6.375, 9.875, 6.5], "texture": "#0" },
        "south": { "uv": [6.5, 9.5, 7, 9.625], "texture": "#0" },
        "west": { "uv": [9.5, 6.5, 9.875, 6.625], "texture": "#0" },
        "up": { "uv": [8.5, 4.375, 8, 4], "texture": "#0" },
        "down": { "uv": [8.5, 5, 8, 5.375], "texture": "#0" }
      }
    },
    {
      "from": [5, 16, 5],
      "to": [11, 18, 11],
      "rotation": { "angle": 0, "axis": "y", "origin": [6, 9, 3] },
      "faces": {
        "north": { "uv": [8.5, 4.875, 9.25, 5.125], "texture": "#0" },
        "east": { "uv": [8.5, 4.125, 9.25, 4.375], "texture": "#0" },
        "south": { "uv": [8.5, 5.125, 9.125, 5.375], "texture": "#0" },
        "west": { "uv": [4.25, 8.5, 5, 8.75], "texture": "#0" },
        "up": { "uv": [2.25, 8.75, 1.5, 8], "texture": "#0" },
        "down": { "uv": [2.75, 8, 2.125, 8.75], "texture": "#0" }
      }
    },
    {
      "from": [2, 16, 6],
      "to": [5, 17, 10],
      "rotation": { "angle": 0, "axis": "y", "origin": [2, 9, 7] },
      "faces": {
        "north": { "uv": [9.5, 6.625, 9.875, 6.75], "texture": "#0" },
        "east": { "uv": [9.5, 6.75, 10, 6.875], "texture": "#0" },
        "south": { "uv": [9.5, 6.875, 9.875, 7], "texture": "#0" },
        "west": { "uv": [9.5, 7, 10, 7.125], "texture": "#0" },
        "up": { "uv": [5.875, 8.5, 5.5, 8], "texture": "#0" },
        "down": { "uv": [6.375, 8, 6, 8.5], "texture": "#0" }
      }
    },
    {
      "from": [11, 16, 6],
      "to": [14, 17, 10],
      "rotation": { "angle": 0, "axis": "y", "origin": [10, 9, 7] },
      "faces": {
        "north": { "uv": [9.5, 7.125, 9.875, 7.25], "texture": "#0" },
        "east": { "uv": [9.5, 7.25, 10, 7.375], "texture": "#0" },
        "south": { "uv": [9.5, 7.375, 9.875, 7.5], "texture": "#0" },
        "west": { "uv": [7.5, 9.5, 8, 9.625], "texture": "#0" },
        "up": { "uv": [6.875, 8.5, 6.5, 8], "texture": "#0" },
        "down": { "uv": [3.125, 8.125, 2.75, 8.625], "texture": "#0" }
      }
    }
  ],
  "display": {
    "thirdperson_righthand": {
      "rotation": [1, -28.77, 15.14],
      "translation": [3.75, -4, -4],
      "scale": [0.5, 0.5, 0.5]
    },
    "thirdperson_lefthand": {
      "rotation": [1, -28.77, 15.14],
      "translation": [3.75, -4, -4],
      "scale": [0.5, 0.5, 0.5]
    },
    "firstperson_righthand": {
      "rotation": [0, 0, 12.5],
      "translation": [0.5, -0.5, 0],
      "scale": [0.5, 0.5, 0.5]
    },
    "firstperson_lefthand": {
      "translation": [0.75, -0.5, 0],
      "scale": [0.5, 0.5, 0.5]
    },
    "gui": {
      "rotation": [166.13, -10.82, 176.3],
      "translation": [0, 1, 0],
      "scale": [0.5, 0.5, 0.5]
    },
    "head": {
      "rotation": [11, 0, 5],
      "translation": [-1, 14.5, 2],
      "scale": [0.85, 0.85, 0.85]
    },
    "fixed": {
      "rotation": [-90, 0, 0],
      "translation": [0, 0, -14]
    }
  },
  "groups": [
    {
      "name": "base",
      "origin": [0, 0, 0],
      "color": 0,
      "children": [
        {
          "name": "soft_bit",
          "origin": [0, 0, 0],
          "color": 0,
          "children": [0, 1, 2, 3]
        },
        {
          "name": "crown_base",
          "origin": [0, 0, 0],
          "color": 0,
          "children": [4, 5, 6, 7]
        },
        {
          "name": "arches",
          "origin": [0, 0, 0],
          "color": 0,
          "children": [
            {
              "name": "arch_left",
              "origin": [11.74403, 17.3695, 6],
              "color": 0,
              "children": [8, 9, 10, 11, 12, 13, 14, 15, 16, 17]
            },
            {
              "name": "arch_left",
              "origin": [11.74403, 17.3695, 6],
              "color": 0,
              "children": [18, 19, 20, 21, 22, 23, 24, 25, 26, 27]
            },
            {
              "name": "arch_front",
              "origin": [8, 16.9911, -4.093],
              "color": 0,
              "children": [28, 29, 30, 31, 32, 33, 34, 35, 36, 37]
            },
            {
              "name": "arch_front",
              "origin": [8, 16.9911, -4.093],
              "color": 0,
              "children": [38, 39, 40, 41, 42, 43, 44, 45, 46, 47]
            }
          ]
        },
        {
          "name": "purple_puff",
          "origin": [0, 0, 0],
          "color": 0,
          "children": [48, 49, 50]
        },
        {
          "name": "topper",
          "origin": [6, 9, 7],
          "color": 0,
          "children": [51, 52, 53, 54, 55]
        }
      ]
    }
  ]
}
